name,id,post
John,105,Quality Engineer
David,833,Electrical Engineer
Keith,688,Chemical Engineer
Kelly,673,Design Engineer
Marie,615,Chief Design Engineer
Judith,748,Senior Quality Engineer
Michael,546,Design Engineer
Joe,940,Product Engineer
Roy,262,Nuclear Power Engineer
Fred,961,Senior Quality Engineer
Gary,316,Civil Engineer
Jack,543,Nuclear Power Engineer
Jack,843,Structural Engineer
John,417,Structural Engineer
Jose,39,Nuclear Power Engineer
Jose,536,Quality Engineer
Juan,821,Quality Engineer
Paul,138,Senior Quality Engineer
Paul,862,Senior Quality Engineer
Paul,924,Electrical Engineer
Sean,599,Structural Engineer
Billy,668,Electrical Engineer
David,229,Chemical Engineer
Henry,27,Nuclear Power Engineer
Jesse,905,Product Engineer
Roger,132,Structural Analysis Engineer
Roger,267,Electrical Engineer
Carlos,373,Electrical Engineer
Dennis,480,Geological Engineer
Eugene,243,Geological Engineer
Eugene,445,Product Engineer
Gerald,307,Structural Analysis Engineer
Johnny,655,Quality Engineer
Joseph,278,Structural Analysis Engineer
Justin,13,Structural Analysis Engineer
Justin,330,Electrical Engineer
Samuel,535,Chief Design Engineer
Samuel,568,Chief Design Engineer
Anthony,26,Electrical Engineer
Richard,894,Structural Engineer
Russell,99,Mechanical Systems Engineer
Stephen,95,Structural Engineer
Stephen,257,Mechanical Systems Engineer
William,637,Design Engineer
Jonathan,181,Structural Analysis Engineer
,398,Civil Engineer
,401,Chief Design Engineer
Anne,730,Nuclear Power Engineer
Anne,910,Electrical Engineer
Joan,685,Structural Analysis Engineer
Judy,708,Chief Design Engineer
Judy,873,Electrical Engineer
Mary,649,Structural Analysis Engineer
Ruth,94,Civil Engineer
Alice,12,Quality Engineer
Annie,30,Electrical Engineer
Debra,367,Design Engineer
Diane,285,Civil Engineer
Diane,926,Nuclear Power Engineer
Doris,659,Quality Engineer
Irene,670,Structural Analysis Engineer
Joyce,167,Chemical Engineer
Julia,62,Electrical Engineer
Kathy,517,Product Engineer
Linda,79,Structural Analysis Engineer
Linda,632,Mechanical Systems Engineer
Maria,272,Structural Analysis Engineer
Maria,277,Design Engineer
Maria,574,Senior Quality Engineer
Marie,739,Structural Engineer
Norma,560,Geological Engineer
Sarah,707,Chemical Engineer
Susan,846,Structural Analysis Engineer
Amanda,43,Senior Quality Engineer
Amanda,763,Structural Engineer
Ashley,914,Chemical Engineer
Cheryl,224,Civil Engineer
Cheryl,274,Structural Analysis Engineer
Cheryl,371,Quality Engineer
Cheryl,385,Nuclear Power Engineer
Evelyn,3,Structural Engineer
Gloria,327,Electrical Engineer
Gloria,405,Quality Engineer
Louise,156,Electrical Engineer
Nicole,126,Quality Engineer
Teresa,528,Electrical Engineer
Barbara,323,Mechanical Systems Engineer
Frances,219,Quality Engineer
Frances,346,Chemical Engineer
Jessica,203,Quality Engineer
Melissa,161,Chemical Engineer
Rebecca,357,Nuclear Power Engineer
Theresa,91,Product Engineer
Jennifer,335,Nuclear Power Engineer
Jennifer,565,Structural Analysis Engineer
Kathleen,703,Electrical Engineer
Stephanie,506,Civil Engineer
Jacqueline,90,Civil Engineer
