first_name,last_name,email,country
Amy,Cook,acook84@prlog.org,Ukraine
Paul,Ruiz,pruiznd@nationalgeographic.com,Ukraine
Keith,Lynch,klynchfc@ebay.com,Ukraine
Peter,Miller,pmillerjq@gnu.org,Ukraine
Peter,Gilbert,pgilbertoi@wired.com,Ukraine
Albert,Robinson,arobinson6v@reference.com,Ukraine
Arthur,Nelson,anelsonq6@sun.com,Ukraine
Eugene,Garza,egarzahr@howstuffworks.com,Ukraine
Stephen,Wallace,swallaceh@netvibes.com,Ukraine
Judy,Lane,jlane5u@amazon.de,Ukraine
Annie,Henderson,ahendersonix@theglobeandmail.com,Ukraine
Debra,Sanchez,dsancheza6@i2i.jp,Ukraine
Brenda,Hamilton,bhamiltonjo@about.com,Ukraine
Sharon,Foster,sfoster75@dedecms.com,Ukraine
Heather,Richardson,hrichardsonkn@twitter.com,Ukraine
Kathryn,Henderson,khenderson21@ask.com,Ukraine
Amy,Cook,acook84@prlog.org,Ukraine
Paul,Ruiz,pruiznd@nationalgeographic.com,Ukraine
Keith,Lynch,klynchfc@ebay.com,Ukraine
Peter,Miller,pmillerjq@gnu.org,Ukraine
Peter,Gilbert,pgilbertoi@wired.com,Ukraine
Albert,Robinson,arobinson6v@reference.com,Ukraine
Arthur,Nelson,anelsonq6@sun.com,Ukraine
Eugene,Garza,egarzahr@howstuffworks.com,Ukraine
Stephen,Wallace,swallaceh@netvibes.com,Ukraine
Judy,Lane,jlane5u@amazon.de,Ukraine
Annie,Henderson,ahendersonix@theglobeandmail.com,Ukraine
Debra,Sanchez,dsancheza6@i2i.jp,Ukraine
Brenda,Hamilton,bhamiltonjo@about.com,Ukraine
Sharon,Foster,sfoster75@dedecms.com,Ukraine
Heather,Richardson,hrichardsonkn@twitter.com,Ukraine
Kathryn,Henderson,khenderson21@ask.com,Ukraine
