first_name,last_name,address,employeeCode,firstName,lastName
,,,639 Main St,Lenna,Paprocki
,,,18 Fountain St,Penney,Weight
,,,1747 Calle Amanecer #2,Wilda,Giguere
,,,735 Crawford Dr,Gail,Kitty
,,,1048 Main St,Roxane,Campain
,,,20 S Babcock St,Erick,Ferencz
,,,1844 Southern Blvd,Carin,Deleo
,,,73 State Road 434 E,Mattie,Poquette
,,,1 Huntwood Ave,Arminda,Parvis
,,,4 58th St #3519,Herminia,Nicolozakes
,,,96541 W Central Blvd,Christiane,Eschberger
,,,347 Chestnut St,Helene,Rodenberger
,,,10759 Main St,Regenia,Kannady
,,,86350 Roszel Rd,Keneth,Borgman
,,,9 W Central Ave,Elke,Sengbusch
,,,72 Southern Blvd,Iluminada,Ohms
,,,6916 W Main St,Kerry,Theodorov
,,,3196 S Rider Trl,Alyce,Arias
,,,77 222 Dr,Mitsue,Scipione
,,,1933 Packer Ave #2,Lai,Harabedian
,,,26659 N 13th St,Stevie,Westerbeck
,,,60 Fillmore Ave,Joseph,Cryer
,,,72119 S Walker Ave #63,Venita,Maillard
,,,11360 S Halsted St,Daniel,Perruzza
,,,433 Westminster Blvd #590,Lashon,Vizarro
,,,5 Washington St #1,Thaddeus,Ankeny
,,,2140 Diamond Blvd,Glendora,Sarbacher
,,,985 E 6th Ave,Charlene,Hamilton
,,,69 Marquette Ave,Dominque,Dickerson
,,,68556 Central Hwy,Carma,Vanheusen
,,,524 Louisiana Ave Nw,Louisa,Cronauer
,,,72868 Blackington Ave,Devora,Perez
,,,2887 Knowlton St #5435,Joesph,Degonia
,,,38 Pleasant Hill Rd,Gayla,Schnitzler
,,,2184 Worth St,Refugia,Jacobos
,,,17 Morena Blvd,Rozella,Ostrosky
,,,5 N Cleveland Massillon Rd,Shawna,Palaspas
,,,326 E Main St #6496,Melodie,Knipp
,,,2409 Alabama Rd,Sheridan,Zane
,,,13252 Lighthouse Ave,Olive,Matuszak
,,,62 Monroe St,Gail,Similton
,,,3989 Portage Tr,Cristy,Lother
,,,9 N 14th St,Peggie,Sturiale
,,,4 E Colonial Dr,Raul,Upthegrove
,,,395 S 6th St #2,Vincenza,Zepp
,,,87895 Concord Rd,Brett,Mccullan
,,,1 Century Park E,Mari,Lueckenbach
,,,105 Richmond Valley Rd,Clorinda,Heimann
,,,469 Outwater Ln,Dorothy,Chesterfield
,,,30 W 80th St #1995,Bobbye,Rhym
,,,4800 Black Horse Pike,Tammara,Wardrip
,,,2 Monroe St,Xuan,Rochin
,,,577 Parade St,Mozell,Pelkowski
,,,94290 S Buchanan St,Wynell,Dorshorst
,,,25 E 75th St #69,Kiley,Caldarera
,,,5 Tomahawk Dr,Kanisha,Waycott
,,,4 Otis St,Shenika,Seewald
,,,47154 Whipple Ave Nw,Stephaine,Barfield
,,,83649 W Belmont Ave,Cory,Gibes
,,,429 Tiger Ln,Chau,Kitzman
,,,47939 Porter Ave,Benton,Skursky
,,,70 Mechanic St,Viola,Bitsuie
,,,2972 Lafayette Ave,Rima,Bevelacqua
,,,87 Sierra Rd,Tiera,Frankel
,,,3882 W Congress St #799,Filiberto,Tawil
,,,48 Stratford Ave,Justine,Ferrario
,,,598 43rd St,Louvenia,Beech
,,,35433 Blake St #588,Lizbeth,Kohl
,,,18 Coronado Ave #563,Staci,Schmaltz
,,,34 Raritan Center Pky,Merissa,Tomblin
,,,22 Spruce St #595,Dick,Wenzinger
,,,4119 Metropolitan Dr,Cristal,Samara
,,,7 W Jackson Blvd,Leota,Dilliard
,,,6 Greenleaf Ave,Veronika,Inouye
,,,99385 Charity St #840,Elvera,Benimadho
,,,195 13n N,Merilyn,Bayless
,,,1128 Delaware St,Aliza,Baltimore
,,,251 Park Ave #979,Rasheeda,Sayaphon
,,,20932 Hedley St,Micaela,Rhymes
,,,82 N Highway 67,Marguerita,Hiatt
,,,98 University Dr,Georgene,Montezuma
,,,701 S Harrison Rd,Kallie,Blackwood
,,,3717 Hamann Industrial Pky,Stephaine,Vinning
,,,6 Middlegate Rd #106,Norah,Waymire
,,,39 Moccasin Dr,Tarra,Nachor
,,,10276 Brooks St,Trinidad,Mcrae
,,,52777 Leaders Heights Rd,Lindsey,Dilello
,,,4 S Washington Ave,Antione,Onofrio
,,,4 Webbs Chapel Rd,Alease,Buemi
,,,17 Jersey Ave,Mitzie,Hudnall
,,,866 34th Ave,Howard,Paulas
,,,669 Packerland Dr #1438,Pamella,Fortino
,,,76598 Rd  I 95 #1,Virgie,Kiel
,,,2664 Lewis Rd,Carmelina,Lindall
,,,8 Us Highway 22,Sherita,Saras
,,,721 Interstate 45 S,Jaclyn,Bachman
,,,49440 Dearborn St,Zona,Colla
,,,46314 Route 130,Teddy,Pedrozo
,,,9122 Carpenter Ave,Yoko,Fishburne
,,,759 Eldora St,Harrison,Haufler
,,,78112 Morris Ave,Ma,Layous
,,,9 Front St,Alesia,Hixenbaugh
,,,189 Village Park Rd,Marge,Limmel
,,,1 Washington St,Joanna,Leinenbach
,,,50126 N Plankinton Ave,Shawnda,Yori
,,,11279 Loytan St,Arlette,Honeywell
,,,97 Airport Loop Dr,Gracia,Melnyk
,,,9 Wales Rd Ne #914,Hillary,Skulski
,,,177 S Rider Trl #52,Nickolas,Juvera
,,,93 Redmond Rd #492,Avery,Steier
,,,7 W Wabansia Ave #227,Martina,Staback
,,,2139 Santa Rosa Ave,Denise,Patak
,,,75698 N Fiesta Blvd,Sharika,Eanes
,,,8597 W National Ave,Lucina,Lary
,,,77 Massillon Rd #822,Jerry,Zurcher
,,,27846 Lafayette Ave,Hoa,Sarao
,,,8 S Haven St,Jovita,Oles
,,,678 3rd Ave,Lavera,Perin
,,,32860 Sierra Rd,Tiffiny,Steffensmeier
,,,5161 Dorsett Rd,Pamella,Schmierer
,,,703 Beville Rd,Ashlyn,Pinilla
,,,23 Palo Alto Sq,Ressie,Auffrey
,,,42744 Hamann Industrial Pky #82,Theodora,Restrepo
,,,60 Old Dover Rd,Roosevelt,Hoffis
,,,1644 Clove Rd,Rikki,Nayar
,,,19 Amboy Ave,Jeanice,Claucherty
,,,8 Fair Lawn Ave,Lorrine,Worlds
,,,3211 E Northeast Loop,Jenelle,Regusters
,,,70295 Pioneer Ct,Audry,Yaw
,,,9390 S Howell Ave,Scarlet,Cartan
,,,99 5th Ave #33,Leota,Ragel
,,,82 Winsor St #54,Izetta,Funnell
,,,45 2nd Ave #9759,Sarah,Candlish
,,,26 Montgomery St,Renea,Monterrubio
,,,187 Market St,Paris,Wide
,,,5384 Southwyck Blvd,Belen,Strassner
,,,303 N Radcliffe St,Novella,Degroot
,,,185 Blackstone Bldge,Angella,Cetta
,,,7 Benton Dr,Brandon,Callaro
,,,65 W Maple Ave,Rolande,Spickerman
,,,29 Cherry St #7073,Glenn,Berray
,,,201 Ridgewood Rd,Winfred,Brucato
,,,74 W College St,Vallie,Mondella
,,,9635 S Main St,Dorthy,Hidvegi
,,,67 Rv Cent,Brittni,Gillaspie
,,,394 Manchester Blvd,Fletcher,Flosi
,,,18 Waterloo Geneva Rd,Daron,Dinos
,,,7 Eads St,Mitsue,Tollner
,,,4284 Dorigo Ln,Viva,Toelkes
,,,37 Alabama Ave,Lai,Gato
,,,4 Warehouse Point Rd #7,Marti,Maybury
,,,137 Pioneer Way,Valentin,Klimek
,,,44 58th St,Jennifer,Fallick
,,,9 Murfreesboro Rd,Carmela,Cookey
,,,7 West Ave #1,Geoffrey,Acey
,,,73 W Barstow Ave,Weldon,Acuff
,,,45 E Acacia Ct,Erick,Nievas
,,,72 Beechwood Ter,Nichelle,Meteer
,,,26849 Jefferson Hwy,Cassi,Wildfong
,,,35 E Main St #43,Joni,Breland
,,,7 S Beverly Dr,Serina,Zagen
,,,55713 Lake City Hwy,Alline,Jeanty
,,,2 Sw Nyberg Rd,Raylene,Kampa
,,,55 Riverside Ave,Malinda,Hochard
,,,55262 N French Rd,Reita,Leto
,,,87393 E Highland Rd,Carey,Dopico
,,,6538 E Pomona St #60,Raymon,Calvaresi
,,,772 W River Dr,Kristofer,Bennick
,,,2 W Mount Royal Ave,Gary,Nunlee
,,,8100 Jacksonville Rd #7,Kimberlie,Duenas
,,,86 Nw 66th St #8673,Chanel,Caudy
,,,7219 Woodfield Rd,Dyan,Oldroyd
,,,6980 Dorsett Rd,Kati,Rulapaugh
,,,8284 Hart St,Carlee,Boulter
,,,9 Tower Ave,Stephane,Myricks
,,,426 Wolf St,Solange,Shinko
,,,6651 Municipal Rd,Larae,Gudroe
,,,6649 N Blue Gum St,James,Butt
,,,3 Secor Rd,Arlene,Klusman
,,,3718 S Main St,Terrilyn,Rodeigues
,,,55 Hawthorne Blvd,Willodean,Konopacki
,,,43 Huey P Long Ave,Kayleigh,Lace
,,,49 N Mays St,Jutta,Amyot
,,,393 Hammond Dr,Cordelia,Storment
,,,481 W Lemon St,Beatriz,Corrington
,,,4 Carroll St,Corinne,Loder
,,,8139 I Hwy 10 #92,Nobuko,Halsey
,,,38938 Park Blvd,Jina,Briddick
,,,8 County Center Dr #647,Oretha,Menter
,,,523 Marquette Ave,Annabelle,Boord
,,,5 Little River Tpke,Katina,Polidori
,,,25 Se 176th Pl,Luisa,Jurney
,,,3 Aspen St,Donte,Kines
,,,1 Midway Rd,Nicolette,Brossart
,,,57254 Brickell Ave #372,Lucy,Treston
,,,2094 Ne 36th Ave,Levi,Munis
,,,2 Cedar Ave #84,Ezekiel,Chui
,,,60480 Old Us Highway 51,Fernanda,Jillson
,,,287 Youngstown Warren Rd,Sylvia,Cousey
,,,96950 Hidden Ln,Detra,Coyier
,,,9648 S Main,Reena,Maisto
,,,55892 Jacksonville Rd,Glory,Kulzer
,,,5 W 7th St,Annelle,Tagala
,,,2853 S Central Expy,Ilene,Eroman
,,,3387 Ryan Dr,Lashaunda,Lizama
,,,228 Runamuck Pl #2808,Kris,Marrier
,,,6 Kains Ave,Laurel,Reitler
,,,2 S Biscayne Blvd,Kaitlyn,Ogg
,,,4 Iwaena St,Eden,Jayson
,,,2 W Scyene Rd #3,Izetta,Dewar
,,,47857 Coney Island Ave,Loreta,Timenez
,,,94 Chase Rd,Ernest,Syrop
,,,9506 Edgemore Ave,Elouise,Gwalthney
,,,96263 Greenwood Pl,Ceola,Setter
,,,37855 Nolan Rd,Jolanda,Hanafan
,,,34 Saint George Ave #2,Goldie,Schirpke
,,,4 B Blue Ridge Blvd,Josephine,Darakjy
,,,560 Civic Center Dr,Chaya,Malvin
,,,8977 Connecticut Ave Nw #3,Judy,Aquas
,,,89 20th St E #779,Markus,Lukasik
,,,2094 Montour Blvd,Sharee,Maile
,,,79 S Howell Ave,Vilma,Berlanga
,,,1 State Route 27,Yuki,Whobrey
,,,7116 Western Ave,Beckie,Silvestrini
,,,206 Main St #2804,Ligia,Reiber
,,,2167 Sierra Rd,Kenneth,Grenet
,,,278 Bayview Ave,Quentin,Swayze
,,,57 Haven Ave #90,Deonna,Kippley
,,,40 9th Ave Sw #91,Cherry,Lietz
,,,9581 E Arapahoe Rd,Dulce,Labreche
,,,2023 Greg St,Chantell,Maynerich
,,,636 Commerce Dr #42,Matthew,Neither
,,,41 Steel Ct,Rodolfo,Butzen
,,,170 Wyoming Ave,Cyndy,Goldammer
,,,7061 N 2nd St,Quentin,Birkner
,,,2 Lighthouse Ave,Fatima,Saylors
,,,25 Minters Chapel Rd #9,Skye,Fillingim
,,,22 Bridle Ln,Tresa,Sweely
,,,1953 Telegraph Rd,Diane,Devreese
,,,4923 Carey Ave,Benedict,Sama
,,,369 Latham St #500,Kasandra,Semidey
,,,5 Elmwood Park Blvd,Leonida,Gobern
,,,919 Wall Blvd,Paz,Sahagun
,,,36 Lancaster Dr Se,Billye,Miro
,,,63517 Dupont St,Roslyn,Chavous
,,,3829 Ventura Blvd,Raina,Brachle
,,,749 W 18th St #45,Lezlie,Craghead
,,,33 Lewis Rd #46,Deandrea,Hughey
,,,987 Main St,Lenna,Newville
,,,1482 College Ave,Lonna,Diestel
,,,1088 Pinehurst St,Johnetta,Abdallah
,,,4 10th St W,Rosio,Cork
,,,9 Plainsboro Rd #598,Maile,Linahan
,,,88827 Frankford Ave,Nan,Koppinger
,,,87 Imperial Ct #79,Lavonda,Hengel
,,,89992 E 15th St,Flo,Bookamer
,,,21575 S Apple Creek Rd,Colette,Kardas
,,,66552 Malone Rd,Dalene,Riden
,,,8 W Cerritos Ave #54,Art,Venere
,,,30553 Washington Rd,Becky,Mirafuentes
,,,9939 N 14th St,Felicidad,Poullion
,,,6201 S Nevada Ave,Golda,Kaniecki
,,,7 Flowers Rd #403,Daniela,Comnick
,,,7163 W Clark Rd,Vi,Rentfro
,,,47565 W Grand Ave,Delisa,Crupi
,,,6794 Lake Dr E,Elza,Lipke
,,,1 N Harlem Ave #9,Talia,Riopelle
,,,6 S Broadway St,Junita,Brideau
,,,9 Waydell St,Yvonne,Tjepkema
,,,13 S Hacienda Dr,Erinn,Canlas
,,,993 Washington Ave,Aja,Gehrett
,,,539 Coldwater Canyon Ave,Truman,Feichtner
,,,32820 Corkwood Rd,Lynelle,Auber
,,,45 E Liberty St,Ernie,Stenseth
,,,4646 Kaahumanu St,Ty,Smith
,,,3 State Route 35 S,Nelida,Sawchuk
,,,3958 S Dupont Hwy #7,Eladia,Saulter
,,,2215 Prosperity Dr,Pete,Dubaldi
,,,28 S 7th St #2824,Arthur,Farrow
,,,501 N 19th Ave,Lizette,Stem
,,,43496 Commercial Dr #29,Alpha,Palaia
,,,4671 Alemany Blvd,Merlyn,Lawler
,,,8 Sheridan Rd,Helaine,Halter
,,,4 Cowesett Ave,Tasia,Andreason
,,,9 State Highway 57 #22,Selma,Husser
,,,4 Stovall St #72,Cecil,Lapage
,,,88 Sw 28th Ter,Nu,Mcnease
,,,20113 4th Ave E,Lili,Paskin
,,,798 Lund Farm Way,Kimbery,Madarang
,,,9745 W Main St,Irma,Wolfgramm
,,,78 Maryland Dr #146,Catarina,Gleich
,,,65 Mountain View Dr,Adell,Lipkin
,,,2726 Charcot Ave,Rolland,Francescon
,,,3 Railway Ave #75,Heike,Berganza
,,,3381 E 40th Ave,Leonora,Mauson
,,,82 Us Highway 46,Shonda,Greenbush
,,,9387 Charcot Ave,Thurman,Manno
,,,92 Main St,Cheryl,Haroldson
,,,506 S Hacienda Dr,An,Fritz
,,,3338 A Lockport Pl #6,Catalina,Tillotson
,,,50 E Wacker Dr,Jettie,Mconnell
,,,406 Main St,Candida,Corbley
,,,3732 Sherman Ave,Portia,Stimmel
,,,61304 N French Rd,Carmen,Sweigard
,,,76 Brooks St #9,Karl,Klonowski
,,,90131 J St,Van,Shire
,,,3273 State St,Alisha,Slusarski
,,,4 Ralph Ct,Albina,Glick
,,,53075 Sw 152nd Ter #615,Jamal,Vanausdal
,,,62260 Park Stre,Tegan,Arceo
,,,366 South Dr,Francine,Vocelka
,,,31 Douglas Blvd #950,Devorah,Chickering
,,,73 Saint Ann St #86,Clay,Hoa
,,,94 W Dodge Rd,Junita,Stoltzman
,,,74 S Westgate St,Maryann,Royster
,,,74989 Brandon St,Moon,Parlato
,,,44 W 4th St,Timothy,Mulqueen
,,,9 Norristown Rd,Herman,Demesa
,,,6 Gilson St,Bok,Isaacs
,,,422 E 21st St,Yolando,Luczki
,,,88 15th Ave Ne,Kirk,Herritt
,,,6 Sunrise Ave,Elli,Mclaird
,,,42754 S Ash Ave,Helga,Fredicks
,,,25657 Live Oak St,Rhea,Aredondo
,,,4 Kohler Memorial Dr,Barbra,Adkin
,,,64 Newman Springs Rd E,France,Buzick
,,,61047 Mayfield Ave,Shalon,Shadrick
,,,4545 Courthouse Rd,Tonette,Wenner
,,,7 W Pinhook Rd,Celeste,Korando
,,,54169 N Main St,Theola,Frey
,,,455 N Main Ave,Gregoria,Pawlowicz
,,,2 Flynn Rd,Dean,Ketelsen
,,,62 W Austin St,Sharen,Bourbon
,,,16452 Greenwich St,Gilma,Liukko
,,,53 W Carey St,Ciara,Ventura
,,,97 E 3rd St #9,Sheron,Louissant
,,,92 Broadway,Janine,Rhoden
,,,37275 St  Rt 17m M,Abel,Maclead
,,,81 Norris Ave #525,Latrice,Tolfree
,,,70 Euclid Ave #722,Lemuel,Latzke
,,,3270 Dequindre Rd,Gwenn,Suffield
,,,8728 S Broad St,Krissy,Rauser
,,,90991 Thorburn Ave,Willow,Kusko
,,,2742 Distribution Way,Alishia,Sergi
,,,128 Bransten Rd,Jose,Stockham
,,,4486 W O St #1,Brock,Bolognia
,,,3305 Nabell Ave #679,Tawna,Buvens
,,,8 Industry Ln,Ozell,Shealy
,,,229 N Forty Driv,Layla,Springe
,,,5 Harrison Rd,Fausto,Agramonte
,,,38062 E Main St,Justine,Mugnolo
,,,25346 New Rd,Haydee,Denooyer
,,,7 S San Marcos Rd,Mirta,Mallett
,,,87163 N Main Ave,Derick,Dhamer
,,,3 Lawton St,Cyril,Daufeldt
,,,18 3rd Ave,Jess,Chaffins
,,,6 Van Buren St,Nana,Wrinkles
,,,7667 S Hulen St #42,Alaine,Bergesen
,,,8429 Miller Rd,Mireya,Frerking
,,,2 A Kelley Dr,Leslie,Threets
,,,34 Center St,Donette,Foller
,,,3 Mcauley Dr,Simona,Morasca
,,,98 Connecticut Ave Nw,Graciela,Ruta
,,,74874 Atlantic Ave,Ammie,Corrio
,,,2737 Pistorio Rd #9230,Tamar,Hoogland
,,,1 Garfield Ave #7,Salena,Karpel
,,,8116 Mount Vernon Ave,Roselle,Estell
,,,6 Harry L Dr #6327,Claribel,Varriano
,,,8590 Lake Lizzie Dr,Mollie,Mcdoniel
,,,3 N Groesbeck Hwy,Rickie,Plumer
,,,7422 Martin Ave #8,Lashawnda,Stuer
,,,3777 E Richmond St #900,Stephen,Emigh
,,,95 Main Ave #2,Hubert,Walthall
,,,61 13 Stoneridge #835,Melissa,Wiklund
,,,70 W Main St,Lettie,Isenhower
,,,944 Gaither Dr,Buddy,Cloney
,,,2845 Boulder Crescent St,Kattie,Vonasek
,,,80 Pittsford Victor Rd #9,Adelina,Nabours
,,,617 Nw 36th Ave,Galen,Cantres
,,,72 Mannix Dr,Laticia,Merced
,,,868 State St #38,Margart,Meisel
,,,7 Tarrytown Rd,Gertude,Witten
,,,649 Tulane Ave,Sylvie,Ryser
,,,2881 Lewis Rd,Youlanda,Schemmer
,,,4940 Pulaski Park Dr,Nieves,Gotter
,,,12270 Caton Center Dr,Carissa,Batman
,,,9 Church St,Andra,Scheyer
,,,1 Commerce Way,Twana,Felger
,,,3 Elmwood Dr,Karan,Karpin
,,,99 Tank Farm Rd,Teri,Ennaco
,,,383 Gunderman Rd #197,Freeman,Gochal
,,,8573 Lincoln Blvd,Fabiola,Hauenstein
,,,2 W Beverly Blvd,Ahmed,Angalich
,,,7 W 32nd St,Elly,Morocco
,,,555 Main St,Edna,Miceli
,,,1 N San Saba,Jacqueline,Rowling
,,,8 Mcarthur Ln,My,Rantanen
,,,5 Green Pond Rd #4,Garry,Keetch
,,,6 S 33rd St,Bette,Nicka
,,,71 San Mateo Ave,Marjory,Mastella
,,,7563 Cornwall Rd #4462,Felix,Hirpara
,,,3943 N Highland Ave,Jesusita,Flister
,,,83 County Road 437 #8581,Rory,Papasergi
,,,63728 Poway Rd #1,Jennie,Drymon
,,,6 Ridgewood Center Dr,Loren,Asar
,,,2371 Jerrold Ave,Minna,Amigon
,,,14288 Foster Ave #4121,Amber,Monarrez
,,,14302 Pennsylvania Ave,Deeanna,Juhas
,,,810 N La Brea Ave,Lashandra,Klang
,,,2500 Pringle Rd Se #508,Britt,Galam
,,,209 Decker Dr,Blair,Malet
,,,3 Fort Worth Ave,Tyra,Shields
,,,63381 Jenks Ave,Dierdre,Yum
,,,992 Civic Center Dr,Evangelina,Radde
,,,73 Southern Blvd,Ronny,Caiafa
,,,4379 Highway 116,Franklyn,Emard
,,,4441 Point Term Mkt,Vincent,Meinerding
,,,910 Rahway Ave,Dalene,Schoeneck
,,,65895 S 16th St,Delmy,Ahle
,,,201 Hawk Ct,Blondell,Pugh
,,,1 Rancho Del Mar Shopping C,Hermila,Thyberg
,,,5 Williams St,Caitlin,Julia
,,,9 Hwy,Lawrence,Lorens
,,,84 Bloomfield Ave,Eun,Coody
,,,98839 Hawthorne Blvd #6101,Sabra,Uyetake
,,,6882 Torresdale Ave,Jade,Farrar
,,,5 Boston Ave #88,Sage,Wieser
,,,69734 E Carrillo St,Meaghan,Garufi
,,,63 Smith Ln #8343,Josphine,Villanueva
,,,39 S 7th St,Lorrie,Nestle
,,,2239 Shawnee Mission Pky,Jesusa,Shin
,,,1 S Pine St,Linn,Paa
,,,2759 Livingston Ave,Glenna,Slayton
,,,2 W Grand Ave,Bernardine,Rodefer
,,,134 Lewis Rd,Audra,Kohnert
,,,5221 Bear Valley Rd,Casie,Good
,,,90177 N 55th Ave,Caprice,Suell
,,,56 E Morehead St,Cammy,Albares
,,,9 Vanowen St,Marvel,Raymo
,,,6535 Joyce St,Alecia,Bubash
,,,812 S Haven St,Cathrine,Pontoriero
,,,3424 29th St Se,Ruthann,Keener
,,,13 Gunnison St,Ryan,Harnos
,,,775 W 17th St,Valentine,Gillian
,,,85092 Southern Blvd,Lorean,Martabano
,,,618 W Yakima Ave,Willard,Kolmetz
,,,2 Se 3rd Ave,Sue,Kownacki
,,,627 Walford Ave,Leatha,Hagele
,,,4 Bloomfield Ave,Gearldine,Gellinger
,,,99586 Main St,Frederica,Blunk
,,,75684 S Withlapopka Dr #32,Earleen,Mai
,,,596 Santa Maria Ave #7913,Amie,Perigo
,,,33 State St,Lilli,Scriven
,,,5 E Truman Rd,Glory,Schieler
,,,59 N Groesbeck Hwy,Cecily,Hollack
,,,2026 N Plankinton Ave #3,Rebecka,Gesick
,,,3125 Packer Ave #9851,Mariann,Bilden
,,,92899 Kalakaua Ave,Kristel,Ehmann
,,,461 Prospect Pl #316,Myra,Munns
,,,4252 N Washington Ave #9,Barrett,Toyama
,,,70099 E North Ave,Kristeen,Turinetti
,,,2 S 15th St,Whitley,Tomasulo
,,,840 15th Ave,Danica,Bruschke
,,,8927 Vandever Ave,Bulah,Padilla
,,,386 9th Ave N,Bernardo,Figeroa
,,,77132 Coon Rapids Blvd Nw,Tracey,Modzelewski
,,,80312 W 32nd St,Annmarie,Castros
,,,17 Us Highway 111,Fannie,Lungren
,,,3158 Runamuck Pl,Xochitl,Discipio
,,,51120 State Route 18,Lonny,Weglarz
,,,48 Lenox St,Taryn,Moyd
,,,1610 14th St Nw,Jolene,Ostolaza
,,,64 5th Ave #1153,Lisha,Centini
,,,5 Cabot Rd,Lavonna,Wolny
,,,747 Leonis Blvd,Malcolm,Tromblay
,,,9677 Commerce Dr,Salome,Lacovara
,,,393 Lafayette Ave,Jerry,Dallen
,,,37 N Elm St #916,Alex,Loader
,,,5 S Colorado Blvd #449,Johnna,Engelberg
,,,8739 Hudson St,Glen,Bartolet
,,,67 E Chestnut Hill Rd,Dottie,Hellickson
,,,8772 Old County Rd #5410,Samira,Heintzman
,,,61556 W 20th Ave,Jani,Biddy
,,,36 Enterprise St Se,Laurel,Pagliuca
,,,39 Franklin Ave,Ettie,Hoopengardner
,,,1 Central Ave,Allene,Iturbide
,,,64 Lakeview Ave,Estrella,Samu
,,,33 N Michigan Ave,Kate,Keneipp
,,,762 S Main St,Emerson,Bowley
,,,4 Nw 12th St #3849,Cecilia,Colaizzo
,,,40 Cambridge Ave,Janey,Gabisi
,,,322 New Horizon Blvd,Gladys,Rim
,,,59 Shady Ln #53,Maurine,Yglesias
,,,9 N College Ave #3,Daren,Weirather
,,,755 Harbor Way,Virgina,Tegarden
,,,1950 5th Ave,Noah,Kalafatis
,,,7140 University Ave,Natalie,Fern
,,,66697 Park Pl #3224,Lauran,Burnard
,,,38773 Gravois Ave,Mona,Delasancha
,,,639 Main St,Lenna,Paprocki
,,,18 Fountain St,Penney,Weight
,,,1747 Calle Amanecer #2,Wilda,Giguere
,,,735 Crawford Dr,Gail,Kitty
,,,1048 Main St,Roxane,Campain
,,,20 S Babcock St,Erick,Ferencz
,,,1844 Southern Blvd,Carin,Deleo
,,,73 State Road 434 E,Mattie,Poquette
,,,1 Huntwood Ave,Arminda,Parvis
,,,4 58th St #3519,Herminia,Nicolozakes
,,,96541 W Central Blvd,Christiane,Eschberger
,,,347 Chestnut St,Helene,Rodenberger
,,,10759 Main St,Regenia,Kannady
,,,86350 Roszel Rd,Keneth,Borgman
,,,9 W Central Ave,Elke,Sengbusch
,,,72 Southern Blvd,Iluminada,Ohms
,,,6916 W Main St,Kerry,Theodorov
,,,3196 S Rider Trl,Alyce,Arias
,,,77 222 Dr,Mitsue,Scipione
,,,1933 Packer Ave #2,Lai,Harabedian
,,,26659 N 13th St,Stevie,Westerbeck
,,,60 Fillmore Ave,Joseph,Cryer
,,,72119 S Walker Ave #63,Venita,Maillard
,,,11360 S Halsted St,Daniel,Perruzza
,,,433 Westminster Blvd #590,Lashon,Vizarro
,,,5 Washington St #1,Thaddeus,Ankeny
,,,2140 Diamond Blvd,Glendora,Sarbacher
,,,985 E 6th Ave,Charlene,Hamilton
,,,69 Marquette Ave,Dominque,Dickerson
,,,68556 Central Hwy,Carma,Vanheusen
,,,524 Louisiana Ave Nw,Louisa,Cronauer
,,,72868 Blackington Ave,Devora,Perez
,,,2887 Knowlton St #5435,Joesph,Degonia
,,,38 Pleasant Hill Rd,Gayla,Schnitzler
,,,2184 Worth St,Refugia,Jacobos
,,,17 Morena Blvd,Rozella,Ostrosky
,,,5 N Cleveland Massillon Rd,Shawna,Palaspas
,,,326 E Main St #6496,Melodie,Knipp
,,,2409 Alabama Rd,Sheridan,Zane
,,,13252 Lighthouse Ave,Olive,Matuszak
,,,62 Monroe St,Gail,Similton
,,,3989 Portage Tr,Cristy,Lother
,,,9 N 14th St,Peggie,Sturiale
,,,4 E Colonial Dr,Raul,Upthegrove
,,,395 S 6th St #2,Vincenza,Zepp
,,,87895 Concord Rd,Brett,Mccullan
,,,1 Century Park E,Mari,Lueckenbach
,,,105 Richmond Valley Rd,Clorinda,Heimann
,,,469 Outwater Ln,Dorothy,Chesterfield
,,,30 W 80th St #1995,Bobbye,Rhym
,,,4800 Black Horse Pike,Tammara,Wardrip
,,,2 Monroe St,Xuan,Rochin
,,,577 Parade St,Mozell,Pelkowski
,,,94290 S Buchanan St,Wynell,Dorshorst
,,,25 E 75th St #69,Kiley,Caldarera
,,,5 Tomahawk Dr,Kanisha,Waycott
,,,4 Otis St,Shenika,Seewald
,,,47154 Whipple Ave Nw,Stephaine,Barfield
,,,83649 W Belmont Ave,Cory,Gibes
,,,429 Tiger Ln,Chau,Kitzman
,,,47939 Porter Ave,Benton,Skursky
,,,70 Mechanic St,Viola,Bitsuie
,,,2972 Lafayette Ave,Rima,Bevelacqua
,,,87 Sierra Rd,Tiera,Frankel
,,,3882 W Congress St #799,Filiberto,Tawil
,,,48 Stratford Ave,Justine,Ferrario
,,,598 43rd St,Louvenia,Beech
,,,35433 Blake St #588,Lizbeth,Kohl
,,,18 Coronado Ave #563,Staci,Schmaltz
,,,34 Raritan Center Pky,Merissa,Tomblin
,,,22 Spruce St #595,Dick,Wenzinger
,,,4119 Metropolitan Dr,Cristal,Samara
,,,7 W Jackson Blvd,Leota,Dilliard
,,,6 Greenleaf Ave,Veronika,Inouye
,,,99385 Charity St #840,Elvera,Benimadho
,,,195 13n N,Merilyn,Bayless
,,,1128 Delaware St,Aliza,Baltimore
,,,251 Park Ave #979,Rasheeda,Sayaphon
,,,20932 Hedley St,Micaela,Rhymes
,,,82 N Highway 67,Marguerita,Hiatt
,,,98 University Dr,Georgene,Montezuma
,,,701 S Harrison Rd,Kallie,Blackwood
,,,3717 Hamann Industrial Pky,Stephaine,Vinning
,,,6 Middlegate Rd #106,Norah,Waymire
,,,39 Moccasin Dr,Tarra,Nachor
,,,10276 Brooks St,Trinidad,Mcrae
,,,52777 Leaders Heights Rd,Lindsey,Dilello
,,,4 S Washington Ave,Antione,Onofrio
,,,4 Webbs Chapel Rd,Alease,Buemi
,,,17 Jersey Ave,Mitzie,Hudnall
,,,866 34th Ave,Howard,Paulas
,,,669 Packerland Dr #1438,Pamella,Fortino
,,,76598 Rd  I 95 #1,Virgie,Kiel
,,,2664 Lewis Rd,Carmelina,Lindall
,,,8 Us Highway 22,Sherita,Saras
,,,721 Interstate 45 S,Jaclyn,Bachman
,,,49440 Dearborn St,Zona,Colla
,,,46314 Route 130,Teddy,Pedrozo
,,,9122 Carpenter Ave,Yoko,Fishburne
,,,759 Eldora St,Harrison,Haufler
,,,78112 Morris Ave,Ma,Layous
,,,9 Front St,Alesia,Hixenbaugh
,,,189 Village Park Rd,Marge,Limmel
,,,1 Washington St,Joanna,Leinenbach
,,,50126 N Plankinton Ave,Shawnda,Yori
,,,11279 Loytan St,Arlette,Honeywell
,,,97 Airport Loop Dr,Gracia,Melnyk
,,,9 Wales Rd Ne #914,Hillary,Skulski
,,,177 S Rider Trl #52,Nickolas,Juvera
,,,93 Redmond Rd #492,Avery,Steier
,,,7 W Wabansia Ave #227,Martina,Staback
,,,2139 Santa Rosa Ave,Denise,Patak
,,,75698 N Fiesta Blvd,Sharika,Eanes
,,,8597 W National Ave,Lucina,Lary
,,,77 Massillon Rd #822,Jerry,Zurcher
,,,27846 Lafayette Ave,Hoa,Sarao
,,,8 S Haven St,Jovita,Oles
,,,678 3rd Ave,Lavera,Perin
,,,32860 Sierra Rd,Tiffiny,Steffensmeier
,,,5161 Dorsett Rd,Pamella,Schmierer
,,,703 Beville Rd,Ashlyn,Pinilla
,,,23 Palo Alto Sq,Ressie,Auffrey
,,,42744 Hamann Industrial Pky #82,Theodora,Restrepo
,,,60 Old Dover Rd,Roosevelt,Hoffis
,,,1644 Clove Rd,Rikki,Nayar
,,,19 Amboy Ave,Jeanice,Claucherty
,,,8 Fair Lawn Ave,Lorrine,Worlds
,,,3211 E Northeast Loop,Jenelle,Regusters
,,,70295 Pioneer Ct,Audry,Yaw
,,,9390 S Howell Ave,Scarlet,Cartan
,,,99 5th Ave #33,Leota,Ragel
,,,82 Winsor St #54,Izetta,Funnell
,,,45 2nd Ave #9759,Sarah,Candlish
,,,26 Montgomery St,Renea,Monterrubio
,,,187 Market St,Paris,Wide
,,,5384 Southwyck Blvd,Belen,Strassner
,,,303 N Radcliffe St,Novella,Degroot
,,,185 Blackstone Bldge,Angella,Cetta
,,,7 Benton Dr,Brandon,Callaro
,,,65 W Maple Ave,Rolande,Spickerman
,,,29 Cherry St #7073,Glenn,Berray
,,,201 Ridgewood Rd,Winfred,Brucato
,,,74 W College St,Vallie,Mondella
,,,9635 S Main St,Dorthy,Hidvegi
,,,67 Rv Cent,Brittni,Gillaspie
,,,394 Manchester Blvd,Fletcher,Flosi
,,,18 Waterloo Geneva Rd,Daron,Dinos
,,,7 Eads St,Mitsue,Tollner
,,,4284 Dorigo Ln,Viva,Toelkes
,,,37 Alabama Ave,Lai,Gato
,,,4 Warehouse Point Rd #7,Marti,Maybury
,,,137 Pioneer Way,Valentin,Klimek
,,,44 58th St,Jennifer,Fallick
,,,9 Murfreesboro Rd,Carmela,Cookey
,,,7 West Ave #1,Geoffrey,Acey
,,,73 W Barstow Ave,Weldon,Acuff
,,,45 E Acacia Ct,Erick,Nievas
,,,72 Beechwood Ter,Nichelle,Meteer
,,,26849 Jefferson Hwy,Cassi,Wildfong
,,,35 E Main St #43,Joni,Breland
,,,7 S Beverly Dr,Serina,Zagen
,,,55713 Lake City Hwy,Alline,Jeanty
,,,2 Sw Nyberg Rd,Raylene,Kampa
,,,55 Riverside Ave,Malinda,Hochard
,,,55262 N French Rd,Reita,Leto
,,,87393 E Highland Rd,Carey,Dopico
,,,6538 E Pomona St #60,Raymon,Calvaresi
,,,772 W River Dr,Kristofer,Bennick
,,,2 W Mount Royal Ave,Gary,Nunlee
,,,8100 Jacksonville Rd #7,Kimberlie,Duenas
,,,86 Nw 66th St #8673,Chanel,Caudy
,,,7219 Woodfield Rd,Dyan,Oldroyd
,,,6980 Dorsett Rd,Kati,Rulapaugh
,,,8284 Hart St,Carlee,Boulter
,,,9 Tower Ave,Stephane,Myricks
,,,426 Wolf St,Solange,Shinko
,,,6651 Municipal Rd,Larae,Gudroe
,,,6649 N Blue Gum St,James,Butt
,,,3 Secor Rd,Arlene,Klusman
,,,3718 S Main St,Terrilyn,Rodeigues
,,,55 Hawthorne Blvd,Willodean,Konopacki
,,,43 Huey P Long Ave,Kayleigh,Lace
,,,49 N Mays St,Jutta,Amyot
,,,393 Hammond Dr,Cordelia,Storment
,,,481 W Lemon St,Beatriz,Corrington
,,,4 Carroll St,Corinne,Loder
,,,8139 I Hwy 10 #92,Nobuko,Halsey
,,,38938 Park Blvd,Jina,Briddick
,,,8 County Center Dr #647,Oretha,Menter
,,,523 Marquette Ave,Annabelle,Boord
,,,5 Little River Tpke,Katina,Polidori
,,,25 Se 176th Pl,Luisa,Jurney
,,,3 Aspen St,Donte,Kines
,,,1 Midway Rd,Nicolette,Brossart
,,,57254 Brickell Ave #372,Lucy,Treston
,,,2094 Ne 36th Ave,Levi,Munis
,,,2 Cedar Ave #84,Ezekiel,Chui
,,,60480 Old Us Highway 51,Fernanda,Jillson
,,,287 Youngstown Warren Rd,Sylvia,Cousey
,,,96950 Hidden Ln,Detra,Coyier
,,,9648 S Main,Reena,Maisto
,,,55892 Jacksonville Rd,Glory,Kulzer
,,,5 W 7th St,Annelle,Tagala
,,,2853 S Central Expy,Ilene,Eroman
,,,3387 Ryan Dr,Lashaunda,Lizama
,,,228 Runamuck Pl #2808,Kris,Marrier
,,,6 Kains Ave,Laurel,Reitler
,,,2 S Biscayne Blvd,Kaitlyn,Ogg
,,,4 Iwaena St,Eden,Jayson
,,,2 W Scyene Rd #3,Izetta,Dewar
,,,47857 Coney Island Ave,Loreta,Timenez
,,,94 Chase Rd,Ernest,Syrop
,,,9506 Edgemore Ave,Elouise,Gwalthney
,,,96263 Greenwood Pl,Ceola,Setter
,,,37855 Nolan Rd,Jolanda,Hanafan
,,,34 Saint George Ave #2,Goldie,Schirpke
,,,4 B Blue Ridge Blvd,Josephine,Darakjy
,,,560 Civic Center Dr,Chaya,Malvin
,,,8977 Connecticut Ave Nw #3,Judy,Aquas
,,,89 20th St E #779,Markus,Lukasik
,,,2094 Montour Blvd,Sharee,Maile
,,,79 S Howell Ave,Vilma,Berlanga
,,,1 State Route 27,Yuki,Whobrey
,,,7116 Western Ave,Beckie,Silvestrini
,,,206 Main St #2804,Ligia,Reiber
,,,2167 Sierra Rd,Kenneth,Grenet
,,,278 Bayview Ave,Quentin,Swayze
,,,57 Haven Ave #90,Deonna,Kippley
,,,40 9th Ave Sw #91,Cherry,Lietz
,,,9581 E Arapahoe Rd,Dulce,Labreche
,,,2023 Greg St,Chantell,Maynerich
,,,636 Commerce Dr #42,Matthew,Neither
,,,41 Steel Ct,Rodolfo,Butzen
,,,170 Wyoming Ave,Cyndy,Goldammer
,,,7061 N 2nd St,Quentin,Birkner
,,,2 Lighthouse Ave,Fatima,Saylors
,,,25 Minters Chapel Rd #9,Skye,Fillingim
,,,22 Bridle Ln,Tresa,Sweely
,,,1953 Telegraph Rd,Diane,Devreese
,,,4923 Carey Ave,Benedict,Sama
,,,369 Latham St #500,Kasandra,Semidey
,,,5 Elmwood Park Blvd,Leonida,Gobern
,,,919 Wall Blvd,Paz,Sahagun
,,,36 Lancaster Dr Se,Billye,Miro
,,,63517 Dupont St,Roslyn,Chavous
,,,3829 Ventura Blvd,Raina,Brachle
,,,749 W 18th St #45,Lezlie,Craghead
,,,33 Lewis Rd #46,Deandrea,Hughey
,,,987 Main St,Lenna,Newville
,,,1482 College Ave,Lonna,Diestel
,,,1088 Pinehurst St,Johnetta,Abdallah
,,,4 10th St W,Rosio,Cork
,,,9 Plainsboro Rd #598,Maile,Linahan
,,,88827 Frankford Ave,Nan,Koppinger
,,,87 Imperial Ct #79,Lavonda,Hengel
,,,89992 E 15th St,Flo,Bookamer
,,,21575 S Apple Creek Rd,Colette,Kardas
,,,66552 Malone Rd,Dalene,Riden
,,,8 W Cerritos Ave #54,Art,Venere
,,,30553 Washington Rd,Becky,Mirafuentes
,,,9939 N 14th St,Felicidad,Poullion
,,,6201 S Nevada Ave,Golda,Kaniecki
,,,7 Flowers Rd #403,Daniela,Comnick
,,,7163 W Clark Rd,Vi,Rentfro
,,,47565 W Grand Ave,Delisa,Crupi
,,,6794 Lake Dr E,Elza,Lipke
,,,1 N Harlem Ave #9,Talia,Riopelle
,,,6 S Broadway St,Junita,Brideau
,,,9 Waydell St,Yvonne,Tjepkema
,,,13 S Hacienda Dr,Erinn,Canlas
,,,993 Washington Ave,Aja,Gehrett
,,,539 Coldwater Canyon Ave,Truman,Feichtner
,,,32820 Corkwood Rd,Lynelle,Auber
,,,45 E Liberty St,Ernie,Stenseth
,,,4646 Kaahumanu St,Ty,Smith
,,,3 State Route 35 S,Nelida,Sawchuk
,,,3958 S Dupont Hwy #7,Eladia,Saulter
,,,2215 Prosperity Dr,Pete,Dubaldi
,,,28 S 7th St #2824,Arthur,Farrow
,,,501 N 19th Ave,Lizette,Stem
,,,43496 Commercial Dr #29,Alpha,Palaia
,,,4671 Alemany Blvd,Merlyn,Lawler
,,,8 Sheridan Rd,Helaine,Halter
,,,4 Cowesett Ave,Tasia,Andreason
,,,9 State Highway 57 #22,Selma,Husser
,,,4 Stovall St #72,Cecil,Lapage
,,,88 Sw 28th Ter,Nu,Mcnease
,,,20113 4th Ave E,Lili,Paskin
,,,798 Lund Farm Way,Kimbery,Madarang
,,,9745 W Main St,Irma,Wolfgramm
,,,78 Maryland Dr #146,Catarina,Gleich
,,,65 Mountain View Dr,Adell,Lipkin
,,,2726 Charcot Ave,Rolland,Francescon
,,,3 Railway Ave #75,Heike,Berganza
,,,3381 E 40th Ave,Leonora,Mauson
,,,82 Us Highway 46,Shonda,Greenbush
,,,9387 Charcot Ave,Thurman,Manno
,,,92 Main St,Cheryl,Haroldson
,,,506 S Hacienda Dr,An,Fritz
,,,3338 A Lockport Pl #6,Catalina,Tillotson
,,,50 E Wacker Dr,Jettie,Mconnell
,,,406 Main St,Candida,Corbley
,,,3732 Sherman Ave,Portia,Stimmel
,,,61304 N French Rd,Carmen,Sweigard
,,,76 Brooks St #9,Karl,Klonowski
,,,90131 J St,Van,Shire
,,,3273 State St,Alisha,Slusarski
,,,4 Ralph Ct,Albina,Glick
,,,53075 Sw 152nd Ter #615,Jamal,Vanausdal
,,,62260 Park Stre,Tegan,Arceo
,,,366 South Dr,Francine,Vocelka
,,,31 Douglas Blvd #950,Devorah,Chickering
,,,73 Saint Ann St #86,Clay,Hoa
,,,94 W Dodge Rd,Junita,Stoltzman
,,,74 S Westgate St,Maryann,Royster
,,,74989 Brandon St,Moon,Parlato
,,,44 W 4th St,Timothy,Mulqueen
,,,9 Norristown Rd,Herman,Demesa
,,,6 Gilson St,Bok,Isaacs
,,,422 E 21st St,Yolando,Luczki
,,,88 15th Ave Ne,Kirk,Herritt
,,,6 Sunrise Ave,Elli,Mclaird
,,,42754 S Ash Ave,Helga,Fredicks
,,,25657 Live Oak St,Rhea,Aredondo
,,,4 Kohler Memorial Dr,Barbra,Adkin
,,,64 Newman Springs Rd E,France,Buzick
,,,61047 Mayfield Ave,Shalon,Shadrick
,,,4545 Courthouse Rd,Tonette,Wenner
,,,7 W Pinhook Rd,Celeste,Korando
,,,54169 N Main St,Theola,Frey
,,,455 N Main Ave,Gregoria,Pawlowicz
,,,2 Flynn Rd,Dean,Ketelsen
,,,62 W Austin St,Sharen,Bourbon
,,,16452 Greenwich St,Gilma,Liukko
,,,53 W Carey St,Ciara,Ventura
,,,97 E 3rd St #9,Sheron,Louissant
,,,92 Broadway,Janine,Rhoden
,,,37275 St  Rt 17m M,Abel,Maclead
,,,81 Norris Ave #525,Latrice,Tolfree
,,,70 Euclid Ave #722,Lemuel,Latzke
,,,3270 Dequindre Rd,Gwenn,Suffield
,,,8728 S Broad St,Krissy,Rauser
,,,90991 Thorburn Ave,Willow,Kusko
,,,2742 Distribution Way,Alishia,Sergi
,,,128 Bransten Rd,Jose,Stockham
,,,4486 W O St #1,Brock,Bolognia
,,,3305 Nabell Ave #679,Tawna,Buvens
,,,8 Industry Ln,Ozell,Shealy
,,,229 N Forty Driv,Layla,Springe
,,,5 Harrison Rd,Fausto,Agramonte
,,,38062 E Main St,Justine,Mugnolo
,,,25346 New Rd,Haydee,Denooyer
,,,7 S San Marcos Rd,Mirta,Mallett
,,,87163 N Main Ave,Derick,Dhamer
,,,3 Lawton St,Cyril,Daufeldt
,,,18 3rd Ave,Jess,Chaffins
,,,6 Van Buren St,Nana,Wrinkles
,,,7667 S Hulen St #42,Alaine,Bergesen
,,,8429 Miller Rd,Mireya,Frerking
,,,2 A Kelley Dr,Leslie,Threets
,,,34 Center St,Donette,Foller
,,,3 Mcauley Dr,Simona,Morasca
,,,98 Connecticut Ave Nw,Graciela,Ruta
,,,74874 Atlantic Ave,Ammie,Corrio
,,,2737 Pistorio Rd #9230,Tamar,Hoogland
,,,1 Garfield Ave #7,Salena,Karpel
,,,8116 Mount Vernon Ave,Roselle,Estell
,,,6 Harry L Dr #6327,Claribel,Varriano
,,,8590 Lake Lizzie Dr,Mollie,Mcdoniel
,,,3 N Groesbeck Hwy,Rickie,Plumer
,,,7422 Martin Ave #8,Lashawnda,Stuer
,,,3777 E Richmond St #900,Stephen,Emigh
,,,95 Main Ave #2,Hubert,Walthall
,,,61 13 Stoneridge #835,Melissa,Wiklund
,,,70 W Main St,Lettie,Isenhower
,,,944 Gaither Dr,Buddy,Cloney
,,,2845 Boulder Crescent St,Kattie,Vonasek
,,,80 Pittsford Victor Rd #9,Adelina,Nabours
,,,617 Nw 36th Ave,Galen,Cantres
,,,72 Mannix Dr,Laticia,Merced
,,,868 State St #38,Margart,Meisel
,,,7 Tarrytown Rd,Gertude,Witten
,,,649 Tulane Ave,Sylvie,Ryser
,,,2881 Lewis Rd,Youlanda,Schemmer
,,,4940 Pulaski Park Dr,Nieves,Gotter
,,,12270 Caton Center Dr,Carissa,Batman
,,,9 Church St,Andra,Scheyer
,,,1 Commerce Way,Twana,Felger
,,,3 Elmwood Dr,Karan,Karpin
,,,99 Tank Farm Rd,Teri,Ennaco
,,,383 Gunderman Rd #197,Freeman,Gochal
,,,8573 Lincoln Blvd,Fabiola,Hauenstein
,,,2 W Beverly Blvd,Ahmed,Angalich
,,,7 W 32nd St,Elly,Morocco
,,,555 Main St,Edna,Miceli
,,,1 N San Saba,Jacqueline,Rowling
,,,8 Mcarthur Ln,My,Rantanen
,,,5 Green Pond Rd #4,Garry,Keetch
,,,6 S 33rd St,Bette,Nicka
,,,71 San Mateo Ave,Marjory,Mastella
,,,7563 Cornwall Rd #4462,Felix,Hirpara
,,,3943 N Highland Ave,Jesusita,Flister
,,,83 County Road 437 #8581,Rory,Papasergi
,,,63728 Poway Rd #1,Jennie,Drymon
,,,6 Ridgewood Center Dr,Loren,Asar
,,,2371 Jerrold Ave,Minna,Amigon
,,,14288 Foster Ave #4121,Amber,Monarrez
,,,14302 Pennsylvania Ave,Deeanna,Juhas
,,,810 N La Brea Ave,Lashandra,Klang
,,,2500 Pringle Rd Se #508,Britt,Galam
,,,209 Decker Dr,Blair,Malet
,,,3 Fort Worth Ave,Tyra,Shields
,,,63381 Jenks Ave,Dierdre,Yum
,,,992 Civic Center Dr,Evangelina,Radde
,,,73 Southern Blvd,Ronny,Caiafa
,,,4379 Highway 116,Franklyn,Emard
,,,4441 Point Term Mkt,Vincent,Meinerding
,,,910 Rahway Ave,Dalene,Schoeneck
,,,65895 S 16th St,Delmy,Ahle
,,,201 Hawk Ct,Blondell,Pugh
,,,1 Rancho Del Mar Shopping C,Hermila,Thyberg
,,,5 Williams St,Caitlin,Julia
,,,9 Hwy,Lawrence,Lorens
,,,84 Bloomfield Ave,Eun,Coody
,,,98839 Hawthorne Blvd #6101,Sabra,Uyetake
,,,6882 Torresdale Ave,Jade,Farrar
,,,5 Boston Ave #88,Sage,Wieser
,,,69734 E Carrillo St,Meaghan,Garufi
,,,63 Smith Ln #8343,Josphine,Villanueva
,,,39 S 7th St,Lorrie,Nestle
,,,2239 Shawnee Mission Pky,Jesusa,Shin
,,,1 S Pine St,Linn,Paa
,,,2759 Livingston Ave,Glenna,Slayton
,,,2 W Grand Ave,Bernardine,Rodefer
,,,134 Lewis Rd,Audra,Kohnert
,,,5221 Bear Valley Rd,Casie,Good
,,,90177 N 55th Ave,Caprice,Suell
,,,56 E Morehead St,Cammy,Albares
,,,9 Vanowen St,Marvel,Raymo
,,,6535 Joyce St,Alecia,Bubash
,,,812 S Haven St,Cathrine,Pontoriero
,,,3424 29th St Se,Ruthann,Keener
,,,13 Gunnison St,Ryan,Harnos
,,,775 W 17th St,Valentine,Gillian
,,,85092 Southern Blvd,Lorean,Martabano
,,,618 W Yakima Ave,Willard,Kolmetz
,,,2 Se 3rd Ave,Sue,Kownacki
,,,627 Walford Ave,Leatha,Hagele
,,,4 Bloomfield Ave,Gearldine,Gellinger
,,,99586 Main St,Frederica,Blunk
,,,75684 S Withlapopka Dr #32,Earleen,Mai
,,,596 Santa Maria Ave #7913,Amie,Perigo
,,,33 State St,Lilli,Scriven
,,,5 E Truman Rd,Glory,Schieler
,,,59 N Groesbeck Hwy,Cecily,Hollack
,,,2026 N Plankinton Ave #3,Rebecka,Gesick
,,,3125 Packer Ave #9851,Mariann,Bilden
,,,92899 Kalakaua Ave,Kristel,Ehmann
,,,461 Prospect Pl #316,Myra,Munns
,,,4252 N Washington Ave #9,Barrett,Toyama
,,,70099 E North Ave,Kristeen,Turinetti
,,,2 S 15th St,Whitley,Tomasulo
,,,840 15th Ave,Danica,Bruschke
,,,8927 Vandever Ave,Bulah,Padilla
,,,386 9th Ave N,Bernardo,Figeroa
,,,77132 Coon Rapids Blvd Nw,Tracey,Modzelewski
,,,80312 W 32nd St,Annmarie,Castros
,,,17 Us Highway 111,Fannie,Lungren
,,,3158 Runamuck Pl,Xochitl,Discipio
,,,51120 State Route 18,Lonny,Weglarz
,,,48 Lenox St,Taryn,Moyd
,,,1610 14th St Nw,Jolene,Ostolaza
,,,64 5th Ave #1153,Lisha,Centini
,,,5 Cabot Rd,Lavonna,Wolny
,,,747 Leonis Blvd,Malcolm,Tromblay
,,,9677 Commerce Dr,Salome,Lacovara
,,,393 Lafayette Ave,Jerry,Dallen
,,,37 N Elm St #916,Alex,Loader
,,,5 S Colorado Blvd #449,Johnna,Engelberg
,,,8739 Hudson St,Glen,Bartolet
,,,67 E Chestnut Hill Rd,Dottie,Hellickson
,,,8772 Old County Rd #5410,Samira,Heintzman
,,,61556 W 20th Ave,Jani,Biddy
,,,36 Enterprise St Se,Laurel,Pagliuca
,,,39 Franklin Ave,Ettie,Hoopengardner
,,,1 Central Ave,Allene,Iturbide
,,,64 Lakeview Ave,Estrella,Samu
,,,33 N Michigan Ave,Kate,Keneipp
,,,762 S Main St,Emerson,Bowley
,,,4 Nw 12th St #3849,Cecilia,Colaizzo
,,,40 Cambridge Ave,Janey,Gabisi
,,,322 New Horizon Blvd,Gladys,Rim
,,,59 Shady Ln #53,Maurine,Yglesias
,,,9 N College Ave #3,Daren,Weirather
,,,755 Harbor Way,Virgina,Tegarden
,,,1950 5th Ave,Noah,Kalafatis
,,,7140 University Ave,Natalie,Fern
,,,66697 Park Pl #3224,Lauran,Burnard
,,,38773 Gravois Ave,Mona,Delasancha
